TOPIC NAME,TOPIC ID,Section,
Absolute value,1,M,
Angles on a plane,2,M,
Arithmetic mean,3,M,
Properties of Circles,4,M,
Comparison,5,W,
Conjunction,6,W,
Adverbs,7,W,
Diction and Idiomatic,8,W,
Direct and inverse variation,9,M,
Direct Interpretation,10,CR,
Elementary probability,11,M,
Elements of Writing,12,CR,
Exponents,13,M,
Factors/Factoring/Foiling,14,M,
Fractions and rational numbers,15,M,
Fragment,16,M,
Functions,17,M,
Permutations and Combinations,18,M,
Geometric notation,19,M,
Geometric perception,20,M,
Inequalities,21,M,
Inference,22,CR,
Interpreting data,23,M,
Logical reasoning,24,M,
Statistics,25,M,
Misplaced Modifier,26,W,
Neither/Nor & Either/Or,27,W,
No Error,28,W,
Number agreement,29,W,
Number lines,30,M,
Parallel Phrasing,31,W,
Passage-based grammar,32,W,
Passive Voice,33,W,
Place Value and scientific notations,34,M,
Prepositions,35,W,No longer a concept
Pronoun selection,36,W,
Properties of integers,37,M,
Properties of triangles,38,M,
Punctuation,39,W,
Redundancy,40,W,
Remainders,41,M,
Right triangles and Pythagorean theorem,42,M,
Run on,43,W,
Sequences,44,M,
Sets,45,M,
Slopes,46,M,
Solid figures and volumes,47,M,
Solving algebraic expressions,48,M,
Properties of Quadrilaterals,49,M,
Subject/Object Of Sentence,50,W,
Subject-Pronoun Agreement,51,W,
Subject-Verb Agreement,52,W,
Summarization,53,CR,
Systems of equations in two variables,54,M,
Tone/Attitude/Emotion,55,CR,
Transformations/translations,56,M,
Unclear pronoun,57,W,
Using new definitions,58,M,
Verb Tense,59,W,
Verbals,60,W,
Vocabulary,61,CR,
Vocabulary-in-Context,62,CR,
Working with unsolvable equations,63,M,
XY coordinate graphs,64,M,